<?xml version="1.0"?>
<rs_X_TRN_LTR_EE_VW numrows="24" rowsetname="X_TRN_LTR_EE_VW" xmlns:xsi="http://www.w3.org/2001/XMLSchema-instance" xsi:noNamespaceSchemaLocation=""><row_X_TRN_LTR_EE_VW rownumber="1"><fld_EMPLID>K0G001</fld_EMPLID><fld_NAME>Rebekah Jones</fld_NAME><fld_DEPTID>13000</fld_DEPTID><fld_COMPRATE>7242.123456</fld_COMPRATE><fld_LOCATION>KUDE00</fld_LOCATION><fld_LOCATION_DESCR>Delaware Operations</fld_LOCATION_DESCR><fld_JOBCODE>140035</fld_JOBCODE><fld_JOB_DESCR>Financial Analyst</fld_JOB_DESCR><fld_COMPANY>GBI</fld_COMPANY><fld_COMPANY_DESCR>Global Business Institute</fld_COMPANY_DESCR><fld_FIRST_CHILD_FLAG>Y</fld_FIRST_CHILD_FLAG><fld_GROUPBOX1></fld_GROUPBOX1><fld_GROUPBOX2></fld_GROUPBOX2><fld_GROUPBOX3></fld_GROUPBOX3><fld_PM_GEN_XML></fld_PM_GEN_XML><fld_REPORT_PRINT_PB></fld_REPORT_PRINT_PB><rs_X_TRN_LTR_DTL_V numrows="1" rowsetname="X_TRN_LTR_DTL_V"><row_X_TRN_LTR_DTL_V rownumber="1"><fld_EMPLID>K0G001</fld_EMPLID><fld_COURSE_START_DT>1999-02-15</fld_COURSE_START_DT><fld_COURSE>K012</fld_COURSE><fld_SESSION_NBR>0001</fld_SESSION_NBR><fld_COURSE_TITLE>Project Management</fld_COURSE_TITLE><fld_ATTENDANCE>C</fld_ATTENDANCE><fld_TRAINING_REASON></fld_TRAINING_REASON><fld_COURSE_GRADE>P</fld_COURSE_GRADE><fld_PREREQ_MET>N</fld_PREREQ_MET></row_X_TRN_LTR_DTL_V></rs_X_TRN_LTR_DTL_V></row_X_TRN_LTR_EE_VW><row_X_TRN_LTR_EE_VW rownumber="2"><fld_EMPLID>K0G001</fld_EMPLID><fld_NAME>Rebekah Jones</fld_NAME><fld_DEPTID>13120</fld_DEPTID><fld_COMPRATE>4200</fld_COMPRATE><fld_LOCATION>KUNY00</fld_LOCATION><fld_LOCATION_DESCR>Corporation Headquarters</fld_LOCATION_DESCR><fld_JOBCODE>140055</fld_JOBCODE><fld_JOB_DESCR>Analyst-HR/Payroll</fld_JOB_DESCR><fld_COMPANY>GBI</fld_COMPANY><fld_COMPANY_DESCR>Global Business Institute</fld_COMPANY_DESCR><fld_FIRST_CHILD_FLAG>Y</fld_FIRST_CHILD_FLAG><fld_GROUPBOX1></fld_GROUPBOX1><fld_GROUPBOX2></fld_GROUPBOX2><fld_GROUPBOX3></fld_GROUPBOX3><fld_PM_GEN_XML></fld_PM_GEN_XML><fld_REPORT_PRINT_PB></fld_REPORT_PRINT_PB><rs_X_TRN_LTR_DTL_V numrows="1" rowsetname="X_TRN_LTR_DTL_V"><row_X_TRN_LTR_DTL_V rownumber="1"><fld_EMPLID>K0G001</fld_EMPLID><fld_COURSE_START_DT>1999-02-15</fld_COURSE_START_DT><fld_COURSE>K012</fld_COURSE><fld_SESSION_NBR>0001</fld_SESSION_NBR><fld_COURSE_TITLE>Project Management</fld_COURSE_TITLE><fld_ATTENDANCE>C</fld_ATTENDANCE><fld_TRAINING_REASON></fld_TRAINING_REASON><fld_COURSE_GRADE>P</fld_COURSE_GRADE><fld_PREREQ_MET>N</fld_PREREQ_MET></row_X_TRN_LTR_DTL_V></rs_X_TRN_LTR_DTL_V></row_X_TRN_LTR_EE_VW><row_X_TRN_LTR_EE_VW rownumber="3"><fld_EMPLID>K0MBZ001</fld_EMPLID><fld_NAME>Archibald Scott</fld_NAME><fld_DEPTID>43000</fld_DEPTID><fld_COMPRATE>3333.333333</fld_COMPRATE><fld_LOCATION>KUNJ00</fld_LOCATION><fld_LOCATION_DESCR>New Jersey Operations</fld_LOCATION_DESCR><fld_JOBCODE>580005</fld_JOBCODE><fld_JOB_DESCR>Leader-Crew</fld_JOB_DESCR><fld_COMPANY>GBI</fld_COMPANY><fld_COMPANY_DESCR>Global Business Institute</fld_COMPANY_DESCR><fld_FIRST_CHILD_FLAG>N</fld_FIRST_CHILD_FLAG><fld_GROUPBOX1></fld_GROUPBOX1><fld_GROUPBOX2></fld_GROUPBOX2><fld_GROUPBOX3></fld_GROUPBOX3><fld_PM_GEN_XML></fld_PM_GEN_XML><fld_REPORT_PRINT_PB></fld_REPORT_PRINT_PB><rs_X_TRN_LTR_DTL_V numrows="1" rowsetname="X_TRN_LTR_DTL_V"/></row_X_TRN_LTR_EE_VW><row_X_TRN_LTR_EE_VW rownumber="4"><fld_EMPLID>K0MKR001</fld_EMPLID><fld_NAME>Cheryl Lang</fld_NAME><fld_DEPTID>54000</fld_DEPTID><fld_COMPRATE>14.543269</fld_COMPRATE><fld_LOCATION>KUAZ00</fld_LOCATION><fld_LOCATION_DESCR>Arizona Operations</fld_LOCATION_DESCR><fld_JOBCODE>480000</fld_JOBCODE><fld_JOB_DESCR>Foreman</fld_JOB_DESCR><fld_COMPANY>GBI</fld_COMPANY><fld_COMPANY_DESCR>Global Business Institute</fld_COMPANY_DESCR><fld_FIRST_CHILD_FLAG>N</fld_FIRST_CHILD_FLAG><fld_GROUPBOX1></fld_GROUPBOX1><fld_GROUPBOX2></fld_GROUPBOX2><fld_GROUPBOX3></fld_GROUPBOX3><fld_PM_GEN_XML></fld_PM_GEN_XML><fld_REPORT_PRINT_PB></fld_REPORT_PRINT_PB><rs_X_TRN_LTR_DTL_V numrows="1" rowsetname="X_TRN_LTR_DTL_V"/></row_X_TRN_LTR_EE_VW><row_X_TRN_LTR_EE_VW rownumber="5"><fld_EMPLID>K0MTK001</fld_EMPLID><fld_NAME>Robert Keyes</fld_NAME><fld_DEPTID>21200</fld_DEPTID><fld_COMPRATE>2458.333333</fld_COMPRATE><fld_LOCATION>KUCA00</fld_LOCATION><fld_LOCATION_DESCR>California Location</fld_LOCATION_DESCR><fld_JOBCODE>290055</fld_JOBCODE><fld_JOB_DESCR>Clerk-I</fld_JOB_DESCR><fld_COMPANY>GBI</fld_COMPANY><fld_COMPANY_DESCR>Global Business Institute</fld_COMPANY_DESCR><fld_FIRST_CHILD_FLAG>N</fld_FIRST_CHILD_FLAG><fld_GROUPBOX1></fld_GROUPBOX1><fld_GROUPBOX2></fld_GROUPBOX2><fld_GROUPBOX3></fld_GROUPBOX3><fld_PM_GEN_XML></fld_PM_GEN_XML><fld_REPORT_PRINT_PB></fld_REPORT_PRINT_PB><rs_X_TRN_LTR_DTL_V numrows="1" rowsetname="X_TRN_LTR_DTL_V"/></row_X_TRN_LTR_EE_VW><row_X_TRN_LTR_EE_VW rownumber="6"><fld_EMPLID>K0MTX001</fld_EMPLID><fld_NAME>Tom Newman</fld_NAME><fld_DEPTID>13160</fld_DEPTID><fld_COMPRATE>10000</fld_COMPRATE><fld_LOCATION>KUNY00</fld_LOCATION><fld_LOCATION_DESCR>Corporation Headquarters</fld_LOCATION_DESCR><fld_JOBCODE>940062</fld_JOBCODE><fld_JOB_DESCR>Director Financial Services</fld_JOB_DESCR><fld_COMPANY>GBI</fld_COMPANY><fld_COMPANY_DESCR>Global Business Institute</fld_COMPANY_DESCR><fld_FIRST_CHILD_FLAG>N</fld_FIRST_CHILD_FLAG><fld_GROUPBOX1></fld_GROUPBOX1><fld_GROUPBOX2></fld_GROUPBOX2><fld_GROUPBOX3></fld_GROUPBOX3><fld_PM_GEN_XML></fld_PM_GEN_XML><fld_REPORT_PRINT_PB></fld_REPORT_PRINT_PB><rs_X_TRN_LTR_DTL_V numrows="1" rowsetname="X_TRN_LTR_DTL_V"/></row_X_TRN_LTR_EE_VW><row_X_TRN_LTR_EE_VW rownumber="7"><fld_EMPLID>K0W001</fld_EMPLID><fld_NAME>Antonio Smith</fld_NAME><fld_DEPTID>13000</fld_DEPTID><fld_COMPRATE>36000</fld_COMPRATE><fld_LOCATION>KUCA00</fld_LOCATION><fld_LOCATION_DESCR>California Location</fld_LOCATION_DESCR><fld_JOBCODE>120000</fld_JOBCODE><fld_JOB_DESCR>Administrator</fld_JOB_DESCR><fld_COMPANY>GBI</fld_COMPANY><fld_COMPANY_DESCR>Global Business Institute</fld_COMPANY_DESCR><fld_FIRST_CHILD_FLAG>N</fld_FIRST_CHILD_FLAG><fld_GROUPBOX1></fld_GROUPBOX1><fld_GROUPBOX2></fld_GROUPBOX2><fld_GROUPBOX3></fld_GROUPBOX3><fld_PM_GEN_XML></fld_PM_GEN_XML><fld_REPORT_PRINT_PB></fld_REPORT_PRINT_PB><rs_X_TRN_LTR_DTL_V numrows="1" rowsetname="X_TRN_LTR_DTL_V"/></row_X_TRN_LTR_EE_VW><row_X_TRN_LTR_EE_VW rownumber="8"><fld_EMPLID>KA3001</fld_EMPLID><fld_NAME>Mary Agar</fld_NAME><fld_DEPTID>54000</fld_DEPTID><fld_COMPRATE>1666.669333</fld_COMPRATE><fld_LOCATION>KANSW1</fld_LOCATION><fld_LOCATION_DESCR>NSW Head Office - Sydney</fld_LOCATION_DESCR><fld_JOBCODE>290090</fld_JOBCODE><fld_JOB_DESCR>Clerk-Shipping</fld_JOB_DESCR><fld_COMPANY>KAM</fld_COMPANY><fld_COMPANY_DESCR>Aust Manufacturing Industries</fld_COMPANY_DESCR><fld_FIRST_CHILD_FLAG>Y</fld_FIRST_CHILD_FLAG><fld_GROUPBOX1></fld_GROUPBOX1><fld_GROUPBOX2></fld_GROUPBOX2><fld_GROUPBOX3></fld_GROUPBOX3><fld_PM_GEN_XML></fld_PM_GEN_XML><fld_REPORT_PRINT_PB></fld_REPORT_PRINT_PB><rs_X_TRN_LTR_DTL_V numrows="1" rowsetname="X_TRN_LTR_DTL_V"><row_X_TRN_LTR_DTL_V rownumber="1"><fld_EMPLID>KA3001</fld_EMPLID><fld_COURSE_START_DT></fld_COURSE_START_DT><fld_COURSE>KA0001</fld_COURSE><fld_SESSION_NBR></fld_SESSION_NBR><fld_COURSE_TITLE>Marine Instrumentation</fld_COURSE_TITLE><fld_ATTENDANCE>W</fld_ATTENDANCE><fld_TRAINING_REASON></fld_TRAINING_REASON><fld_COURSE_GRADE></fld_COURSE_GRADE><fld_PREREQ_MET>N</fld_PREREQ_MET></row_X_TRN_LTR_DTL_V></rs_X_TRN_LTR_DTL_V></row_X_TRN_LTR_EE_VW><row_X_TRN_LTR_EE_VW rownumber="9"><fld_EMPLID>KC0001</fld_EMPLID><fld_NAME>Martina Griffiths</fld_NAME><fld_DEPTID>10000</fld_DEPTID><fld_COMPRATE>1211.538462</fld_COMPRATE><fld_LOCATION>KCON00</fld_LOCATION><fld_LOCATION_DESCR>Canadian Headquarters</fld_LOCATION_DESCR><fld_JOBCODE>800010</fld_JOBCODE><fld_JOB_DESCR>Secretary-Senior</fld_JOB_DESCR><fld_COMPANY>GBI</fld_COMPANY><fld_COMPANY_DESCR>Global Business Institute</fld_COMPANY_DESCR><fld_FIRST_CHILD_FLAG>Y</fld_FIRST_CHILD_FLAG><fld_GROUPBOX1></fld_GROUPBOX1><fld_GROUPBOX2></fld_GROUPBOX2><fld_GROUPBOX3></fld_GROUPBOX3><fld_PM_GEN_XML></fld_PM_GEN_XML><fld_REPORT_PRINT_PB></fld_REPORT_PRINT_PB><rs_X_TRN_LTR_DTL_V numrows="2" rowsetname="X_TRN_LTR_DTL_V"><row_X_TRN_LTR_DTL_V rownumber="1"><fld_EMPLID>KC0001</fld_EMPLID><fld_COURSE_START_DT>2000-06-23</fld_COURSE_START_DT><fld_COURSE>K006</fld_COURSE><fld_SESSION_NBR>0002</fld_SESSION_NBR><fld_COURSE_TITLE>Conducting Performance Reviews</fld_COURSE_TITLE><fld_ATTENDANCE>S</fld_ATTENDANCE><fld_TRAINING_REASON></fld_TRAINING_REASON><fld_COURSE_GRADE></fld_COURSE_GRADE><fld_PREREQ_MET>N</fld_PREREQ_MET></row_X_TRN_LTR_DTL_V><row_X_TRN_LTR_DTL_V rownumber="2"><fld_EMPLID>KC0001</fld_EMPLID><fld_COURSE_START_DT>1999-05-03</fld_COURSE_START_DT><fld_COURSE>K003</fld_COURSE><fld_SESSION_NBR>0001</fld_SESSION_NBR><fld_COURSE_TITLE>Performance Management</fld_COURSE_TITLE><fld_ATTENDANCE>C</fld_ATTENDANCE><fld_TRAINING_REASON></fld_TRAINING_REASON><fld_COURSE_GRADE>P</fld_COURSE_GRADE><fld_PREREQ_MET>N</fld_PREREQ_MET></row_X_TRN_LTR_DTL_V></rs_X_TRN_LTR_DTL_V></row_X_TRN_LTR_EE_VW><row_X_TRN_LTR_EE_VW rownumber="10"><fld_EMPLID>KCD001</fld_EMPLID><fld_NAME>Camille Ploutard</fld_NAME><fld_DEPTID>10000</fld_DEPTID><fld_COMPRATE>1705.138715</fld_COMPRATE><fld_LOCATION>KCON00</fld_LOCATION><fld_LOCATION_DESCR>Canadian Headquarters</fld_LOCATION_DESCR><fld_JOBCODE>130020</fld_JOBCODE><fld_JOB_DESCR>Agent-HR Help Desk L1</fld_JOB_DESCR><fld_COMPANY>GBI</fld_COMPANY><fld_COMPANY_DESCR>Global Business Institute</fld_COMPANY_DESCR><fld_FIRST_CHILD_FLAG>N</fld_FIRST_CHILD_FLAG><fld_GROUPBOX1></fld_GROUPBOX1><fld_GROUPBOX2></fld_GROUPBOX2><fld_GROUPBOX3></fld_GROUPBOX3><fld_PM_GEN_XML></fld_PM_GEN_XML><fld_REPORT_PRINT_PB></fld_REPORT_PRINT_PB><rs_X_TRN_LTR_DTL_V numrows="1" rowsetname="X_TRN_LTR_DTL_V"/></row_X_TRN_LTR_EE_VW><row_X_TRN_LTR_EE_VW rownumber="11"><fld_EMPLID>KCI001</fld_EMPLID><fld_NAME>Fred Wickham</fld_NAME><fld_DEPTID>10000</fld_DEPTID><fld_COMPRATE>1538.461538</fld_COMPRATE><fld_LOCATION>KCON00</fld_LOCATION><fld_LOCATION_DESCR>Canadian Headquarters</fld_LOCATION_DESCR><fld_JOBCODE>800010</fld_JOBCODE><fld_JOB_DESCR>Secretary-Senior</fld_JOB_DESCR><fld_COMPANY>GBI</fld_COMPANY><fld_COMPANY_DESCR>Global Business Institute</fld_COMPANY_DESCR><fld_FIRST_CHILD_FLAG>N</fld_FIRST_CHILD_FLAG><fld_GROUPBOX1></fld_GROUPBOX1><fld_GROUPBOX2></fld_GROUPBOX2><fld_GROUPBOX3></fld_GROUPBOX3><fld_PM_GEN_XML></fld_PM_GEN_XML><fld_REPORT_PRINT_PB></fld_REPORT_PRINT_PB><rs_X_TRN_LTR_DTL_V numrows="1" rowsetname="X_TRN_LTR_DTL_V"/></row_X_TRN_LTR_EE_VW><row_X_TRN_LTR_EE_VW rownumber="12"><fld_EMPLID>KCL001</fld_EMPLID><fld_NAME>Cynthia Thompson</fld_NAME><fld_DEPTID>13000</fld_DEPTID><fld_COMPRATE>2556.666667</fld_COMPRATE><fld_LOCATION>KCSK00</fld_LOCATION><fld_LOCATION_DESCR>Regina Office</fld_LOCATION_DESCR><fld_JOBCODE>290005</fld_JOBCODE><fld_JOB_DESCR>Accounting Clerk</fld_JOB_DESCR><fld_COMPANY>GBI</fld_COMPANY><fld_COMPANY_DESCR>Global Business Institute</fld_COMPANY_DESCR><fld_FIRST_CHILD_FLAG>N</fld_FIRST_CHILD_FLAG><fld_GROUPBOX1></fld_GROUPBOX1><fld_GROUPBOX2></fld_GROUPBOX2><fld_GROUPBOX3></fld_GROUPBOX3><fld_PM_GEN_XML></fld_PM_GEN_XML><fld_REPORT_PRINT_PB></fld_REPORT_PRINT_PB><rs_X_TRN_LTR_DTL_V numrows="1" rowsetname="X_TRN_LTR_DTL_V"/></row_X_TRN_LTR_EE_VW><row_X_TRN_LTR_EE_VW rownumber="13"><fld_EMPLID>KF0001</fld_EMPLID><fld_NAME>Maurice Berger</fld_NAME><fld_DEPTID>10200</fld_DEPTID><fld_COMPRATE>7965.463</fld_COMPRATE><fld_LOCATION>KFPA01</fld_LOCATION><fld_LOCATION_DESCR>Paris</fld_LOCATION_DESCR><fld_JOBCODE>420080</fld_JOBCODE><fld_JOB_DESCR>France Operations Director</fld_JOB_DESCR><fld_COMPANY>KF1</fld_COMPANY><fld_COMPANY_DESCR>Business Institute - France</fld_COMPANY_DESCR><fld_FIRST_CHILD_FLAG>Y</fld_FIRST_CHILD_FLAG><fld_GROUPBOX1></fld_GROUPBOX1><fld_GROUPBOX2></fld_GROUPBOX2><fld_GROUPBOX3></fld_GROUPBOX3><fld_PM_GEN_XML></fld_PM_GEN_XML><fld_REPORT_PRINT_PB></fld_REPORT_PRINT_PB><rs_X_TRN_LTR_DTL_V numrows="2" rowsetname="X_TRN_LTR_DTL_V"><row_X_TRN_LTR_DTL_V rownumber="1"><fld_EMPLID>KF0001</fld_EMPLID><fld_COURSE_START_DT>2000-09-08</fld_COURSE_START_DT><fld_COURSE>KF003</fld_COURSE><fld_SESSION_NBR>0001</fld_SESSION_NBR><fld_COURSE_TITLE>Performance Management</fld_COURSE_TITLE><fld_ATTENDANCE>E</fld_ATTENDANCE><fld_TRAINING_REASON></fld_TRAINING_REASON><fld_COURSE_GRADE></fld_COURSE_GRADE><fld_PREREQ_MET>N</fld_PREREQ_MET></row_X_TRN_LTR_DTL_V><row_X_TRN_LTR_DTL_V rownumber="2"><fld_EMPLID>KF0001</fld_EMPLID><fld_COURSE_START_DT>2000-02-03</fld_COURSE_START_DT><fld_COURSE>KF001</fld_COURSE><fld_SESSION_NBR>0001</fld_SESSION_NBR><fld_COURSE_TITLE>Time Management</fld_COURSE_TITLE><fld_ATTENDANCE>C</fld_ATTENDANCE><fld_TRAINING_REASON></fld_TRAINING_REASON><fld_COURSE_GRADE></fld_COURSE_GRADE><fld_PREREQ_MET>N</fld_PREREQ_MET></row_X_TRN_LTR_DTL_V></rs_X_TRN_LTR_DTL_V></row_X_TRN_LTR_EE_VW><row_X_TRN_LTR_EE_VW rownumber="14"><fld_EMPLID>KFGE0001</fld_EMPLID><fld_NAME>Catherine Duval</fld_NAME><fld_DEPTID>10200</fld_DEPTID><fld_COMPRATE>0</fld_COMPRATE><fld_LOCATION>KFPA01</fld_LOCATION><fld_LOCATION_DESCR>Paris</fld_LOCATION_DESCR><fld_JOBCODE>420090</fld_JOBCODE><fld_JOB_DESCR>Director-Operations</fld_JOB_DESCR><fld_COMPANY>KF1</fld_COMPANY><fld_COMPANY_DESCR>Business Institute - France</fld_COMPANY_DESCR><fld_FIRST_CHILD_FLAG>Y</fld_FIRST_CHILD_FLAG><fld_GROUPBOX1></fld_GROUPBOX1><fld_GROUPBOX2></fld_GROUPBOX2><fld_GROUPBOX3></fld_GROUPBOX3><fld_PM_GEN_XML></fld_PM_GEN_XML><fld_REPORT_PRINT_PB></fld_REPORT_PRINT_PB><rs_X_TRN_LTR_DTL_V numrows="1" rowsetname="X_TRN_LTR_DTL_V"><row_X_TRN_LTR_DTL_V rownumber="1"><fld_EMPLID>KFGE0001</fld_EMPLID><fld_COURSE_START_DT>2001-04-04</fld_COURSE_START_DT><fld_COURSE>KFG001</fld_COURSE><fld_SESSION_NBR>0001</fld_SESSION_NBR><fld_COURSE_TITLE>Bootcamp Knowledge Management</fld_COURSE_TITLE><fld_ATTENDANCE>E</fld_ATTENDANCE><fld_TRAINING_REASON></fld_TRAINING_REASON><fld_COURSE_GRADE></fld_COURSE_GRADE><fld_PREREQ_MET>N</fld_PREREQ_MET></row_X_TRN_LTR_DTL_V></rs_X_TRN_LTR_DTL_V></row_X_TRN_LTR_EE_VW><row_X_TRN_LTR_EE_VW rownumber="15"><fld_EMPLID>KU0001</fld_EMPLID><fld_NAME>Douglas Lewis</fld_NAME><fld_DEPTID>ADMIN</fld_DEPTID><fld_COMPRATE>21666.666667</fld_COMPRATE><fld_LOCATION>KUNY00</fld_LOCATION><fld_LOCATION_DESCR>Corporation Headquarters</fld_LOCATION_DESCR><fld_JOBCODE>700005</fld_JOBCODE><fld_JOB_DESCR>President &amp; CEO</fld_JOB_DESCR><fld_COMPANY>GBI</fld_COMPANY><fld_COMPANY_DESCR>Global Business Institute</fld_COMPANY_DESCR><fld_FIRST_CHILD_FLAG>Y</fld_FIRST_CHILD_FLAG><fld_GROUPBOX1></fld_GROUPBOX1><fld_GROUPBOX2></fld_GROUPBOX2><fld_GROUPBOX3></fld_GROUPBOX3><fld_PM_GEN_XML></fld_PM_GEN_XML><fld_REPORT_PRINT_PB></fld_REPORT_PRINT_PB><rs_X_TRN_LTR_DTL_V numrows="1" rowsetname="X_TRN_LTR_DTL_V"><row_X_TRN_LTR_DTL_V rownumber="1"><fld_EMPLID>KU0001</fld_EMPLID><fld_COURSE_START_DT>2005-01-13</fld_COURSE_START_DT><fld_COURSE>M2005</fld_COURSE><fld_SESSION_NBR>0001</fld_SESSION_NBR><fld_COURSE_TITLE>course with 2000 hours</fld_COURSE_TITLE><fld_ATTENDANCE>E</fld_ATTENDANCE><fld_TRAINING_REASON></fld_TRAINING_REASON><fld_COURSE_GRADE></fld_COURSE_GRADE><fld_PREREQ_MET>N</fld_PREREQ_MET></row_X_TRN_LTR_DTL_V></rs_X_TRN_LTR_DTL_V></row_X_TRN_LTR_EE_VW><row_X_TRN_LTR_EE_VW rownumber="16"><fld_EMPLID>KUC001</fld_EMPLID><fld_NAME>Mark Johnson</fld_NAME><fld_DEPTID>13000</fld_DEPTID><fld_COMPRATE>12500</fld_COMPRATE><fld_LOCATION>KUDE00</fld_LOCATION><fld_LOCATION_DESCR>Delaware Operations</fld_LOCATION_DESCR><fld_JOBCODE>110000</fld_JOBCODE><fld_JOB_DESCR>Accountant</fld_JOB_DESCR><fld_COMPANY>GBI</fld_COMPANY><fld_COMPANY_DESCR>Global Business Institute</fld_COMPANY_DESCR><fld_FIRST_CHILD_FLAG>N</fld_FIRST_CHILD_FLAG><fld_GROUPBOX1></fld_GROUPBOX1><fld_GROUPBOX2></fld_GROUPBOX2><fld_GROUPBOX3></fld_GROUPBOX3><fld_PM_GEN_XML></fld_PM_GEN_XML><fld_REPORT_PRINT_PB></fld_REPORT_PRINT_PB><rs_X_TRN_LTR_DTL_V numrows="1" rowsetname="X_TRN_LTR_DTL_V"/></row_X_TRN_LTR_EE_VW><row_X_TRN_LTR_EE_VW rownumber="17"><fld_EMPLID>KUD001</fld_EMPLID><fld_NAME>Claudia Salinger</fld_NAME><fld_DEPTID>10000</fld_DEPTID><fld_COMPRATE>2916.666667</fld_COMPRATE><fld_LOCATION>KUCA00</fld_LOCATION><fld_LOCATION_DESCR>California Location</fld_LOCATION_DESCR><fld_JOBCODE>130020</fld_JOBCODE><fld_JOB_DESCR>Agent-HR Help Desk L1</fld_JOB_DESCR><fld_COMPANY>GBI</fld_COMPANY><fld_COMPANY_DESCR>Global Business Institute</fld_COMPANY_DESCR><fld_FIRST_CHILD_FLAG>N</fld_FIRST_CHILD_FLAG><fld_GROUPBOX1></fld_GROUPBOX1><fld_GROUPBOX2></fld_GROUPBOX2><fld_GROUPBOX3></fld_GROUPBOX3><fld_PM_GEN_XML></fld_PM_GEN_XML><fld_REPORT_PRINT_PB></fld_REPORT_PRINT_PB><rs_X_TRN_LTR_DTL_V numrows="1" rowsetname="X_TRN_LTR_DTL_V"/></row_X_TRN_LTR_EE_VW><row_X_TRN_LTR_EE_VW rownumber="18"><fld_EMPLID>KUI001</fld_EMPLID><fld_NAME>Frank Wicker</fld_NAME><fld_DEPTID>63000</fld_DEPTID><fld_COMPRATE>1538.461538</fld_COMPRATE><fld_LOCATION>KUCA00</fld_LOCATION><fld_LOCATION_DESCR>California Location</fld_LOCATION_DESCR><fld_JOBCODE>820050</fld_JOBCODE><fld_JOB_DESCR>Specialist-Health &amp; Safety</fld_JOB_DESCR><fld_COMPANY>GBI</fld_COMPANY><fld_COMPANY_DESCR>Global Business Institute</fld_COMPANY_DESCR><fld_FIRST_CHILD_FLAG>N</fld_FIRST_CHILD_FLAG><fld_GROUPBOX1></fld_GROUPBOX1><fld_GROUPBOX2></fld_GROUPBOX2><fld_GROUPBOX3></fld_GROUPBOX3><fld_PM_GEN_XML></fld_PM_GEN_XML><fld_REPORT_PRINT_PB></fld_REPORT_PRINT_PB><rs_X_TRN_LTR_DTL_V numrows="1" rowsetname="X_TRN_LTR_DTL_V"/></row_X_TRN_LTR_EE_VW><row_X_TRN_LTR_EE_VW rownumber="19"><fld_EMPLID>KUL001</fld_EMPLID><fld_NAME>Mei Fong</fld_NAME><fld_DEPTID>10500</fld_DEPTID><fld_COMPRATE>2916.666667</fld_COMPRATE><fld_LOCATION>KUNY00</fld_LOCATION><fld_LOCATION_DESCR>Corporation Headquarters</fld_LOCATION_DESCR><fld_JOBCODE>140065</fld_JOBCODE><fld_JOB_DESCR>Analyst-Human Resources</fld_JOB_DESCR><fld_COMPANY>GBI</fld_COMPANY><fld_COMPANY_DESCR>Global Business Institute</fld_COMPANY_DESCR><fld_FIRST_CHILD_FLAG>N</fld_FIRST_CHILD_FLAG><fld_GROUPBOX1></fld_GROUPBOX1><fld_GROUPBOX2></fld_GROUPBOX2><fld_GROUPBOX3></fld_GROUPBOX3><fld_PM_GEN_XML></fld_PM_GEN_XML><fld_REPORT_PRINT_PB></fld_REPORT_PRINT_PB><rs_X_TRN_LTR_DTL_V numrows="1" rowsetname="X_TRN_LTR_DTL_V"/></row_X_TRN_LTR_EE_VW><row_X_TRN_LTR_EE_VW rownumber="20"><fld_EMPLID>KUZ001</fld_EMPLID><fld_NAME>Kathy Tate</fld_NAME><fld_DEPTID>60000</fld_DEPTID><fld_COMPRATE>1349.939597</fld_COMPRATE><fld_LOCATION>KUOH00</fld_LOCATION><fld_LOCATION_DESCR>Ohio Operations</fld_LOCATION_DESCR><fld_JOBCODE>140020</fld_JOBCODE><fld_JOB_DESCR>Analyst-Business</fld_JOB_DESCR><fld_COMPANY>GBI</fld_COMPANY><fld_COMPANY_DESCR>Global Business Institute</fld_COMPANY_DESCR><fld_FIRST_CHILD_FLAG>N</fld_FIRST_CHILD_FLAG><fld_GROUPBOX1></fld_GROUPBOX1><fld_GROUPBOX2></fld_GROUPBOX2><fld_GROUPBOX3></fld_GROUPBOX3><fld_PM_GEN_XML></fld_PM_GEN_XML><fld_REPORT_PRINT_PB></fld_REPORT_PRINT_PB><rs_X_TRN_LTR_DTL_V numrows="1" rowsetname="X_TRN_LTR_DTL_V"/></row_X_TRN_LTR_EE_VW><row_X_TRN_LTR_EE_VW rownumber="21"><fld_EMPLID>L00001</fld_EMPLID><fld_NAME>Anna Rodriquez</fld_NAME><fld_DEPTID>12000</fld_DEPTID><fld_COMPRATE>35817.6</fld_COMPRATE><fld_LOCATION>L00001</fld_LOCATION><fld_LOCATION_DESCR>National Office</fld_LOCATION_DESCR><fld_JOBCODE>170070</fld_JOBCODE><fld_JOB_DESCR>Assistant-Personnel</fld_JOB_DESCR><fld_COMPANY>DC</fld_COMPANY><fld_COMPANY_DESCR>Department of Communications</fld_COMPANY_DESCR><fld_FIRST_CHILD_FLAG>Y</fld_FIRST_CHILD_FLAG><fld_GROUPBOX1></fld_GROUPBOX1><fld_GROUPBOX2></fld_GROUPBOX2><fld_GROUPBOX3></fld_GROUPBOX3><fld_PM_GEN_XML></fld_PM_GEN_XML><fld_REPORT_PRINT_PB></fld_REPORT_PRINT_PB><rs_X_TRN_LTR_DTL_V numrows="2" rowsetname="X_TRN_LTR_DTL_V"><row_X_TRN_LTR_DTL_V rownumber="1"><fld_EMPLID>L00001</fld_EMPLID><fld_COURSE_START_DT>1999-05-03</fld_COURSE_START_DT><fld_COURSE>K003</fld_COURSE><fld_SESSION_NBR>0001</fld_SESSION_NBR><fld_COURSE_TITLE>Performance Management</fld_COURSE_TITLE><fld_ATTENDANCE>C</fld_ATTENDANCE><fld_TRAINING_REASON>DV</fld_TRAINING_REASON><fld_COURSE_GRADE>P</fld_COURSE_GRADE><fld_PREREQ_MET>Y</fld_PREREQ_MET></row_X_TRN_LTR_DTL_V><row_X_TRN_LTR_DTL_V rownumber="2"><fld_EMPLID>L00001</fld_EMPLID><fld_COURSE_START_DT>1999-03-01</fld_COURSE_START_DT><fld_COURSE>K001</fld_COURSE><fld_SESSION_NBR>0001</fld_SESSION_NBR><fld_COURSE_TITLE>Time Management</fld_COURSE_TITLE><fld_ATTENDANCE>C</fld_ATTENDANCE><fld_TRAINING_REASON>SE</fld_TRAINING_REASON><fld_COURSE_GRADE>P</fld_COURSE_GRADE><fld_PREREQ_MET>N</fld_PREREQ_MET></row_X_TRN_LTR_DTL_V></rs_X_TRN_LTR_DTL_V></row_X_TRN_LTR_EE_VW><row_X_TRN_LTR_EE_VW rownumber="22"><fld_EMPLID>LE0001</fld_EMPLID><fld_NAME>Franklin Smith</fld_NAME><fld_DEPTID>LE0050</fld_DEPTID><fld_COMPRATE>162344</fld_COMPRATE><fld_LOCATION>L00001</fld_LOCATION><fld_LOCATION_DESCR>National Office</fld_LOCATION_DESCR><fld_JOBCODE>LEJ001</fld_JOBCODE><fld_JOB_DESCR>Director - Planning &amp; Analysis</fld_JOB_DESCR><fld_COMPANY>DC</fld_COMPANY><fld_COMPANY_DESCR>Department of Communications</fld_COMPANY_DESCR><fld_FIRST_CHILD_FLAG>N</fld_FIRST_CHILD_FLAG><fld_GROUPBOX1></fld_GROUPBOX1><fld_GROUPBOX2></fld_GROUPBOX2><fld_GROUPBOX3></fld_GROUPBOX3><fld_PM_GEN_XML></fld_PM_GEN_XML><fld_REPORT_PRINT_PB></fld_REPORT_PRINT_PB><rs_X_TRN_LTR_DTL_V numrows="1" rowsetname="X_TRN_LTR_DTL_V"/></row_X_TRN_LTR_EE_VW><row_X_TRN_LTR_EE_VW rownumber="23"><fld_EMPLID>SFCA001</fld_EMPLID><fld_NAME>Audrey Marchand</fld_NAME><fld_DEPTID>10200</fld_DEPTID><fld_COMPRATE>0</fld_COMPRATE><fld_LOCATION>KFPA01</fld_LOCATION><fld_LOCATION_DESCR>Paris</fld_LOCATION_DESCR><fld_JOBCODE>170000</fld_JOBCODE><fld_JOB_DESCR>Assistant</fld_JOB_DESCR><fld_COMPANY>KF1</fld_COMPANY><fld_COMPANY_DESCR>Business Institute - France</fld_COMPANY_DESCR><fld_FIRST_CHILD_FLAG>N</fld_FIRST_CHILD_FLAG><fld_GROUPBOX1></fld_GROUPBOX1><fld_GROUPBOX2></fld_GROUPBOX2><fld_GROUPBOX3></fld_GROUPBOX3><fld_PM_GEN_XML></fld_PM_GEN_XML><fld_REPORT_PRINT_PB></fld_REPORT_PRINT_PB><rs_X_TRN_LTR_DTL_V numrows="1" rowsetname="X_TRN_LTR_DTL_V"/></row_X_TRN_LTR_EE_VW><row_X_TRN_LTR_EE_VW rownumber="24"><fld_EMPLID>SI0001</fld_EMPLID><fld_NAME>Christina Johnson</fld_NAME><fld_DEPTID>13120</fld_DEPTID><fld_COMPRATE>1730.769231</fld_COMPRATE><fld_LOCATION>KCBC00</fld_LOCATION><fld_LOCATION_DESCR>Vancouver Branch</fld_LOCATION_DESCR><fld_JOBCODE>140010</fld_JOBCODE><fld_JOB_DESCR>Analyst-Budget I</fld_JOB_DESCR><fld_COMPANY>GBI</fld_COMPANY><fld_COMPANY_DESCR>Global Business Institute</fld_COMPANY_DESCR><fld_FIRST_CHILD_FLAG>N</fld_FIRST_CHILD_FLAG><fld_GROUPBOX1></fld_GROUPBOX1><fld_GROUPBOX2></fld_GROUPBOX2><fld_GROUPBOX3></fld_GROUPBOX3><fld_PM_GEN_XML></fld_PM_GEN_XML><fld_REPORT_PRINT_PB></fld_REPORT_PRINT_PB><rs_X_TRN_LTR_DTL_V numrows="1" rowsetname="X_TRN_LTR_DTL_V"/></row_X_TRN_LTR_EE_VW></rs_X_TRN_LTR_EE_VW>
